{
  "total_images": 700,
  "overall": {
    "ssim": {
      "mean": 0.6633931240439415,
      "std": 0.14663084653639877,
      "median": 0.6761879026889801
    },
    "lpips": {
      "mean": 0.1947718696163169,
      "std": 0.06406825152164818,
      "median": 0.19781238585710526
    },
    "clip_score": {
      "mean": 30.199362528664725,
      "std": 3.5829499392739788,
      "median": 30.331839561462402
    },
    "psnr": {
      "mean": 20.658278493881227,
      "std": 2.4059000769884897,
      "median": 20.339736938476562
    },
    "mse": {
      "mean": 0.009783968071195496,
      "std": 0.004645750432580955,
      "median": 0.009247538167983294
    },
    "dino_distance": {
      "mean": 0.024287873832176305,
      "std": 0.011703460069841768,
      "median": 0.021878624334931374
    }
  },
  "by_category": {
    "0": {
      "count": 140,
      "ssim": {
        "mean": 0.6356990735445703,
        "std": 0.152960099297589
      },
      "lpips": {
        "mean": 0.20702315944113903,
        "std": 0.06146439747250233
      },
      "clip_score": {
        "mean": 29.33380917140416,
        "std": 3.6529710962527893
      },
      "psnr": {
        "mean": 20.160758100237164,
        "std": 2.416408671804417
      },
      "mse": {
        "mean": 0.010939946654668476,
        "std": 0.005039811478221305
      },
      "dino_distance": {
        "mean": 0.02455879040727658,
        "std": 0.011517337014269916
      }
    },
    "1": {
      "count": 80,
      "ssim": {
        "mean": 0.6671567186713219,
        "std": 0.14306920765772227
      },
      "lpips": {
        "mean": 0.19157735905610024,
        "std": 0.06635292104878154
      },
      "clip_score": {
        "mean": 28.705077958106994,
        "std": 3.953520257587005
      },
      "psnr": {
        "mean": 20.651033866405488,
        "std": 2.3355419761045244
      },
      "mse": {
        "mean": 0.009782545368943829,
        "std": 0.0047291985941847695
      },
      "dino_distance": {
        "mean": 0.02392902509891428,
        "std": 0.011291601681041118
      }
    },
    "2": {
      "count": 80,
      "ssim": {
        "mean": 0.6910199366509915,
        "std": 0.14026614374319793
      },
      "lpips": {
        "mean": 0.18762110769748688,
        "std": 0.06226046579045535
      },
      "clip_score": {
        "mean": 30.468360137939452,
        "std": 3.6679813252899187
      },
      "psnr": {
        "mean": 21.250828504562378,
        "std": 2.3712452808575675
      },
      "mse": {
        "mean": 0.008506031217984855,
        "std": 0.003941730292513332
      },
      "dino_distance": {
        "mean": 0.026642851810902358,
        "std": 0.014531889642767
      }
    },
    "3": {
      "count": 80,
      "ssim": {
        "mean": 0.6735416051000357,
        "std": 0.1407911717181541
      },
      "lpips": {
        "mean": 0.19203793667256833,
        "std": 0.06361776777138899
      },
      "clip_score": {
        "mean": 29.639159035682678,
        "std": 3.555624296656184
      },
      "psnr": {
        "mean": 20.498244738578798,
        "std": 2.116741875998469
      },
      "mse": {
        "mean": 0.009942922710615676,
        "std": 0.004620909419980421
      },
      "dino_distance": {
        "mean": 0.023683882370823993,
        "std": 0.012477110299752264
      }
    },
    "4": {
      "count": 40,
      "ssim": {
        "mean": 0.6268574550747872,
        "std": 0.13045120035447483
      },
      "lpips": {
        "mean": 0.21209178287535907,
        "std": 0.05632282638774984
      },
      "clip_score": {
        "mean": 30.54130926132202,
        "std": 3.0884809657526286
      },
      "psnr": {
        "mean": 20.195570850372313,
        "std": 1.7579652345511014
      },
      "mse": {
        "mean": 0.010300655855098739,
        "std": 0.003771195986850137
      },
      "dino_distance": {
        "mean": 0.023366799741052092,
        "std": 0.010638352607052126
      }
    },
    "5": {
      "count": 40,
      "ssim": {
        "mean": 0.6570928402245044,
        "std": 0.14203291341604743
      },
      "lpips": {
        "mean": 0.18625606168061495,
        "std": 0.06379391757467334
      },
      "clip_score": {
        "mean": 31.96813898086548,
        "std": 2.489324376573107
      },
      "psnr": {
        "mean": 20.779182291030885,
        "std": 2.5883116954756034
      },
      "mse": {
        "mean": 0.009621516037441324,
        "std": 0.00467837669559189
      },
      "dino_distance": {
        "mean": 0.022396245901472867,
        "std": 0.010251872723230327
      }
    },
    "6": {
      "count": 40,
      "ssim": {
        "mean": 0.6546208005398512,
        "std": 0.17788834070695703
      },
      "lpips": {
        "mean": 0.18222683258354663,
        "std": 0.06815117907442811
      },
      "clip_score": {
        "mean": 31.212232732772826,
        "std": 3.623688342819374
      },
      "psnr": {
        "mean": 21.211457395553587,
        "std": 3.0900296357252217
      },
      "mse": {
        "mean": 0.009413618987309746,
        "std": 0.005601330732155226
      },
      "dino_distance": {
        "mean": 0.025331183057278394,
        "std": 0.010542095016110722
      }
    },
    "7": {
      "count": 40,
      "ssim": {
        "mean": 0.6984350722283125,
        "std": 0.1474123095954502
      },
      "lpips": {
        "mean": 0.1792810931801796,
        "std": 0.06615599418865756
      },
      "clip_score": {
        "mean": 31.143033456802367,
        "std": 3.1591822197133315
      },
      "psnr": {
        "mean": 20.75179181098938,
        "std": 2.369173804173734
      },
      "mse": {
        "mean": 0.009589053018135018,
        "std": 0.004693260354777028
      },
      "dino_distance": {
        "mean": 0.023945230850949885,
        "std": 0.011475862659532612
      }
    },
    "8": {
      "count": 80,
      "ssim": {
        "mean": 0.6779516384005546,
        "std": 0.14747219346871637
      },
      "lpips": {
        "mean": 0.19554617227986454,
        "std": 0.06776783426866198
      },
      "clip_score": {
        "mean": 30.11194763183594,
        "std": 2.748837947731557
      },
      "psnr": {
        "mean": 20.910525822639464,
        "std": 2.3401000699871424
      },
      "mse": {
        "mean": 0.009186848760873546,
        "std": 0.004220542819340109
      },
      "dino_distance": {
        "mean": 0.024655808496754618,
        "std": 0.011771991853863323
      }
    },
    "9": {
      "count": 80,
      "ssim": {
        "mean": 0.6640434738248586,
        "std": 0.12812060397485106
      },
      "lpips": {
        "mean": 0.19525286925490945,
        "std": 0.05947806716876431
      },
      "clip_score": {
        "mean": 31.553354096412658,
        "std": 3.4521764948063978
      },
      "psnr": {
        "mean": 20.698976039886475,
        "std": 2.402722673168453
      },
      "mse": {
        "mean": 0.00958404396988044,
        "std": 0.004236788504389967
      },
      "dino_distance": {
        "mean": 0.0231097152660368,
        "std": 0.009610676203730309
      }
    }
  }
}