{
  "total_images": 700,
  "overall": {
    "ssim": {
      "mean": 0.4642034736169236,
      "std": 0.1616839312734982,
      "median": 0.45914575457572937
    },
    "lpips": {
      "mean": 0.40542986588818686,
      "std": 0.09834824280694826,
      "median": 0.395882785320282
    },
    "clip_score": {
      "mean": 31.902747260502405,
      "std": 3.3039190495876225,
      "median": 31.90822410583496
    },
    "psnr": {
      "mean": 11.294205625397819,
      "std": 2.3088451750986274,
      "median": 11.308743000030518
    },
    "mse": {
      "mean": 0.08521556278690695,
      "std": 0.045856986844627856,
      "median": 0.07398193702101707
    },
    "dino_distance": {
      "mean": 0.042620287046634724,
      "std": 0.024119144020621125,
      "median": 0.03596082888543606
    }
  },
  "by_category": {
    "0": {
      "count": 140,
      "ssim": {
        "mean": 0.45947154954608,
        "std": 0.15938216962440938
      },
      "lpips": {
        "mean": 0.4267208735857691,
        "std": 0.10290509255009557
      },
      "clip_score": {
        "mean": 31.357966232299805,
        "std": 3.4020178517559843
      },
      "psnr": {
        "mean": 11.433732513019017,
        "std": 2.1072187572742425
      },
      "mse": {
        "mean": 0.08070065029231566,
        "std": 0.04005641754391491
      },
      "dino_distance": {
        "mean": 0.045136997256694095,
        "std": 0.025657826679880466
      }
    },
    "1": {
      "count": 80,
      "ssim": {
        "mean": 0.4795869529247284,
        "std": 0.15985358832228427
      },
      "lpips": {
        "mean": 0.37472349423915147,
        "std": 0.08271886958341207
      },
      "clip_score": {
        "mean": 30.651208376884462,
        "std": 3.4815693474397773
      },
      "psnr": {
        "mean": 11.50966681241989,
        "std": 2.0715403256286984
      },
      "mse": {
        "mean": 0.07932493179105223,
        "std": 0.04033576485207902
      },
      "dino_distance": {
        "mean": 0.03623561656568199,
        "std": 0.01662374349168792
      }
    },
    "2": {
      "count": 80,
      "ssim": {
        "mean": 0.4849213847890496,
        "std": 0.16616829195292931
      },
      "lpips": {
        "mean": 0.39492438156157733,
        "std": 0.0981776805776815
      },
      "clip_score": {
        "mean": 31.691434931755065,
        "std": 3.254626637529749
      },
      "psnr": {
        "mean": 11.73439427614212,
        "std": 2.6670192080369426
      },
      "mse": {
        "mean": 0.07998165352037176,
        "std": 0.04707285073999575
      },
      "dino_distance": {
        "mean": 0.04795805835165083,
        "std": 0.02630124321397153
      }
    },
    "3": {
      "count": 80,
      "ssim": {
        "mean": 0.48381274808198216,
        "std": 0.16449937790803065
      },
      "lpips": {
        "mean": 0.39239165354520084,
        "std": 0.0963903829811852
      },
      "clip_score": {
        "mean": 30.7838965177536,
        "std": 3.36455936571247
      },
      "psnr": {
        "mean": 11.503720659017564,
        "std": 2.278567884177549
      },
      "mse": {
        "mean": 0.08071669861674309,
        "std": 0.04074102510388778
      },
      "dino_distance": {
        "mean": 0.04042882260400802,
        "std": 0.022556270854140095
      }
    },
    "4": {
      "count": 40,
      "ssim": {
        "mean": 0.41086742309853436,
        "std": 0.1437519090046979
      },
      "lpips": {
        "mean": 0.40483974739909173,
        "std": 0.0905286112377921
      },
      "clip_score": {
        "mean": 31.692310094833374,
        "std": 3.230251882454716
      },
      "psnr": {
        "mean": 11.112309277057648,
        "std": 2.104422593379207
      },
      "mse": {
        "mean": 0.08717158450745047,
        "std": 0.04411550902009134
      },
      "dino_distance": {
        "mean": 0.039851753320544955,
        "std": 0.02152991708074659
      }
    },
    "5": {
      "count": 40,
      "ssim": {
        "mean": 0.4483998348936439,
        "std": 0.1741088871258811
      },
      "lpips": {
        "mean": 0.39217752367258074,
        "std": 0.0892133222052313
      },
      "clip_score": {
        "mean": 32.39074535369873,
        "std": 2.4562372033616455
      },
      "psnr": {
        "mean": 10.901757204532624,
        "std": 2.288134106271922
      },
      "mse": {
        "mean": 0.09270527234766632,
        "std": 0.04919467151404837
      },
      "dino_distance": {
        "mean": 0.03923539791721851,
        "std": 0.022022272167588116
      }
    },
    "6": {
      "count": 40,
      "ssim": {
        "mean": 0.424300648458302,
        "std": 0.18918174907524987
      },
      "lpips": {
        "mean": 0.4686910331249237,
        "std": 0.12065516156131274
      },
      "clip_score": {
        "mean": 34.06470112800598,
        "std": 3.286051175328448
      },
      "psnr": {
        "mean": 10.15689377784729,
        "std": 2.654799336697469
      },
      "mse": {
        "mean": 0.11408447213470936,
        "std": 0.06131983126464264
      },
      "dino_distance": {
        "mean": 0.04954764645081013,
        "std": 0.026569435759113295
      }
    },
    "7": {
      "count": 40,
      "ssim": {
        "mean": 0.495290882140398,
        "std": 0.14193516737484052
      },
      "lpips": {
        "mean": 0.37276514172554015,
        "std": 0.09134649235856261
      },
      "clip_score": {
        "mean": 32.67362108230591,
        "std": 2.4955530294487884
      },
      "psnr": {
        "mean": 11.45987821817398,
        "std": 2.0360355413825033
      },
      "mse": {
        "mean": 0.07973597347736358,
        "std": 0.0391082986781661
      },
      "dino_distance": {
        "mean": 0.04129624208435416,
        "std": 0.02468460077597004
      }
    },
    "8": {
      "count": 80,
      "ssim": {
        "mean": 0.4676235086284578,
        "std": 0.15530417193362223
      },
      "lpips": {
        "mean": 0.4312866793945432,
        "std": 0.0930155894984738
      },
      "clip_score": {
        "mean": 31.981711888313292,
        "std": 2.589304170247056
      },
      "psnr": {
        "mean": 11.032623302936553,
        "std": 2.257115533612647
      },
      "mse": {
        "mean": 0.09004509735386819,
        "std": 0.047553297066961424
      },
      "dino_distance": {
        "mean": 0.04587616012431681,
        "std": 0.028825670279918347
      }
    },
    "9": {
      "count": 80,
      "ssim": {
        "mean": 0.4523311937227845,
        "std": 0.14971605921797074
      },
      "lpips": {
        "mean": 0.3881868660449982,
        "std": 0.08089767027875854
      },
      "clip_score": {
        "mean": 33.75365707874298,
        "std": 2.8609133143868
      },
      "psnr": {
        "mean": 11.219443035125732,
        "std": 2.3680965817666073
      },
      "mse": {
        "mean": 0.08749300385825336,
        "std": 0.048908484413417226
      },
      "dino_distance": {
        "mean": 0.038473588926717636,
        "std": 0.018735725558471975
      }
    }
  }
}