{
  "total_images": 50,
  "overall": {
    "ssim": {
      "mean": 0.42552207976579665,
      "std": 0.154363440241074,
      "median": 0.42430391907691956
    },
    "lpips": {
      "mean": 0.47484104335308075,
      "std": 0.10839392105169765,
      "median": 0.47019320726394653
    },
    "clip_score": {
      "mean": 31.655544891357422,
      "std": 3.1217833881989865,
      "median": 31.727270126342773
    },
    "psnr": {
      "mean": 10.665368356704711,
      "std": 2.190861712634551,
      "median": 10.520413398742676
    },
    "mse": {
      "mean": 0.09714790474623441,
      "std": 0.0506662049434669,
      "median": 0.08870744705200195
    },
    "dino_distance": {
      "mean": 0.05755554934963584,
      "std": 0.03436349766722603,
      "median": 0.052849022671580315
    }
  },
  "by_category": {
    "0": {
      "count": 50,
      "ssim": {
        "mean": 0.42552207976579665,
        "std": 0.154363440241074
      },
      "lpips": {
        "mean": 0.47484104335308075,
        "std": 0.10839392105169765
      },
      "clip_score": {
        "mean": 31.655544891357422,
        "std": 3.1217833881989865
      },
      "psnr": {
        "mean": 10.665368356704711,
        "std": 2.190861712634551
      },
      "mse": {
        "mean": 0.09714790474623441,
        "std": 0.0506662049434669
      },
      "dino_distance": {
        "mean": 0.05755554934963584,
        "std": 0.03436349766722603
      }
    }
  }
}