{
  "total_images": 700,
  "overall": {
    "ssim": {
      "mean": 0.6209048441903932,
      "std": 0.14305240374549308,
      "median": 0.6227042078971863
    },
    "lpips": {
      "mean": 0.24982144282864674,
      "std": 0.07282303809792827,
      "median": 0.25184594094753265
    },
    "clip_score": {
      "mean": 30.88176628930228,
      "std": 3.3761916988353464,
      "median": 31.037260055541992
    },
    "psnr": {
      "mean": 18.12773068019322,
      "std": 2.2559439529988383,
      "median": 17.98341941833496
    },
    "mse": {
      "mean": 0.01742166553994009,
      "std": 0.008968906159247057,
      "median": 0.015909574925899506
    },
    "dino_distance": {
      "mean": 0.028585578913334755,
      "std": 0.013679028079667966,
      "median": 0.025968686677515507
    }
  },
  "by_category": {
    "0": {
      "count": 140,
      "ssim": {
        "mean": 0.601149273131575,
        "std": 0.1430781062622387
      },
      "lpips": {
        "mean": 0.2597944515092032,
        "std": 0.070784541243043
      },
      "clip_score": {
        "mean": 30.21463335582188,
        "std": 3.341876579713833
      },
      "psnr": {
        "mean": 17.986192328589304,
        "std": 2.1710813644676668
      },
      "mse": {
        "mean": 0.01777563159786431,
        "std": 0.008080034906839612
      },
      "dino_distance": {
        "mean": 0.02927371583812471,
        "std": 0.013503470275822606
      }
    },
    "1": {
      "count": 80,
      "ssim": {
        "mean": 0.6272514907643199,
        "std": 0.14974589913676215
      },
      "lpips": {
        "mean": 0.2423982983455062,
        "std": 0.07285335222851586
      },
      "clip_score": {
        "mean": 29.524249625205993,
        "std": 3.474067099919364
      },
      "psnr": {
        "mean": 18.095962512493134,
        "std": 2.2769739065637706
      },
      "mse": {
        "mean": 0.01784226295130793,
        "std": 0.010624405862635218
      },
      "dino_distance": {
        "mean": 0.02712637427030131,
        "std": 0.009892495434141281
      }
    },
    "2": {
      "count": 80,
      "ssim": {
        "mean": 0.6405684370547533,
        "std": 0.1388191352090534
      },
      "lpips": {
        "mean": 0.2424451475031674,
        "std": 0.061268418332282276
      },
      "clip_score": {
        "mean": 30.756440210342408,
        "std": 3.3731500418338043
      },
      "psnr": {
        "mean": 18.492303705215456,
        "std": 2.132464629094139
      },
      "mse": {
        "mean": 0.016122231382178144,
        "std": 0.009356970815613326
      },
      "dino_distance": {
        "mean": 0.031120269594248386,
        "std": 0.017784379295717547
      }
    },
    "3": {
      "count": 80,
      "ssim": {
        "mean": 0.6314977794885636,
        "std": 0.1362985787614026
      },
      "lpips": {
        "mean": 0.24043393563479185,
        "std": 0.06967127772674911
      },
      "clip_score": {
        "mean": 30.063295125961304,
        "std": 3.3666682559598167
      },
      "psnr": {
        "mean": 18.1002587556839,
        "std": 1.9200063805148921
      },
      "mse": {
        "mean": 0.01691767405718565,
        "std": 0.006804816892317365
      },
      "dino_distance": {
        "mean": 0.027567863941658288,
        "std": 0.013852796114046485
      }
    },
    "4": {
      "count": 40,
      "ssim": {
        "mean": 0.5817666754126549,
        "std": 0.11659366514373229
      },
      "lpips": {
        "mean": 0.26880525387823584,
        "std": 0.06011143243391551
      },
      "clip_score": {
        "mean": 30.96607608795166,
        "std": 3.046521288127072
      },
      "psnr": {
        "mean": 17.94387831687927,
        "std": 1.6549875347503427
      },
      "mse": {
        "mean": 0.01722427614731714,
        "std": 0.006446252975829937
      },
      "dino_distance": {
        "mean": 0.028072081366553904,
        "std": 0.013004114089762186
      }
    },
    "5": {
      "count": 40,
      "ssim": {
        "mean": 0.6221736580133438,
        "std": 0.14552993773550418
      },
      "lpips": {
        "mean": 0.23317128010094165,
        "std": 0.06983292146593946
      },
      "clip_score": {
        "mean": 32.06610369682312,
        "std": 2.5844468600187707
      },
      "psnr": {
        "mean": 18.250206613540648,
        "std": 2.353873901540937
      },
      "mse": {
        "mean": 0.017182166670681908,
        "std": 0.009708551862981977
      },
      "dino_distance": {
        "mean": 0.024893698655068873,
        "std": 0.010209813660155859
      }
    },
    "6": {
      "count": 40,
      "ssim": {
        "mean": 0.6288133725523949,
        "std": 0.17005939793155692
      },
      "lpips": {
        "mean": 0.24729608772322537,
        "std": 0.08401601367559193
      },
      "clip_score": {
        "mean": 32.183655738830566,
        "std": 3.3222936510911856
      },
      "psnr": {
        "mean": 18.081842732429504,
        "std": 2.587897867248121
      },
      "mse": {
        "mean": 0.01815722298924811,
        "std": 0.009452472435673934
      },
      "dino_distance": {
        "mean": 0.029864758404437454,
        "std": 0.015041869222081339
      }
    },
    "7": {
      "count": 40,
      "ssim": {
        "mean": 0.6393242593854666,
        "std": 0.14695602685708997
      },
      "lpips": {
        "mean": 0.24236865434795618,
        "std": 0.08323531967368654
      },
      "clip_score": {
        "mean": 31.383857202529907,
        "std": 3.139706250827842
      },
      "psnr": {
        "mean": 18.105342674255372,
        "std": 2.5748645917658606
      },
      "mse": {
        "mean": 0.018069287930848076,
        "std": 0.01014873001764185
      },
      "dino_distance": {
        "mean": 0.027395849768072366,
        "std": 0.011034508098217592
      }
    },
    "8": {
      "count": 80,
      "ssim": {
        "mean": 0.6289765264838934,
        "std": 0.1468640613535441
      },
      "lpips": {
        "mean": 0.25432922909967604,
        "std": 0.08714856139106136
      },
      "clip_score": {
        "mean": 31.156969022750854,
        "std": 2.924943076861888
      },
      "psnr": {
        "mean": 18.31343264579773,
        "std": 2.195283635925289
      },
      "mse": {
        "mean": 0.016594367736252023,
        "std": 0.008340701895724457
      },
      "dino_distance": {
        "mean": 0.03132178436499089,
        "std": 0.016855591843125614
      }
    },
    "9": {
      "count": 80,
      "ssim": {
        "mean": 0.616572942212224,
        "std": 0.12835804921236404
      },
      "lpips": {
        "mean": 0.2558700860012323,
        "std": 0.06408972995679649
      },
      "clip_score": {
        "mean": 32.53904631137848,
        "std": 3.2589948952787804
      },
      "psnr": {
        "mean": 17.94921408891678,
        "std": 2.6418760731106428
      },
      "mse": {
        "mean": 0.018539205182241857,
        "std": 0.010218942475796378
      },
      "dino_distance": {
        "mean": 0.02664532650669571,
        "std": 0.00933702753868057
      }
    }
  }
}