{
  "total_images": 700,
  "overall": {
    "ssim": {
      "mean": 0.43625427911457204,
      "std": 0.16392787055933955,
      "median": 0.4228246808052063
    },
    "lpips": {
      "mean": 0.4581712079899652,
      "std": 0.10725452348276872,
      "median": 0.4529520273208618
    },
    "clip_score": {
      "mean": 32.09947547912598,
      "std": 3.1001134588481727,
      "median": 31.987625122070312
    },
    "psnr": {
      "mean": 10.346996189185552,
      "std": 2.636302670482493,
      "median": 10.457842350006104
    },
    "mse": {
      "mean": 0.11056679972447454,
      "std": 0.06982816406798348,
      "median": 0.08999540284276009
    },
    "dino_distance": {
      "mean": 0.05236887733452022,
      "std": 0.027143283613570907,
      "median": 0.04607262834906578
    }
  },
  "by_category": {
    "0": {
      "count": 140,
      "ssim": {
        "mean": 0.42985500588880055,
        "std": 0.16099197655027495
      },
      "lpips": {
        "mean": 0.47252294580851284,
        "std": 0.11196483903113767
      },
      "clip_score": {
        "mean": 31.89014870779855,
        "std": 3.0204335244702003
      },
      "psnr": {
        "mean": 10.62313049520765,
        "std": 2.4405466948330363
      },
      "mse": {
        "mean": 0.10117179224533694,
        "std": 0.05952984686764156
      },
      "dino_distance": {
        "mean": 0.05431373296970768,
        "std": 0.02729988479654599
      }
    },
    "1": {
      "count": 80,
      "ssim": {
        "mean": 0.4455370569601655,
        "std": 0.16220706602913001
      },
      "lpips": {
        "mean": 0.43589785043150187,
        "std": 0.09588757009983956
      },
      "clip_score": {
        "mean": 31.36522479057312,
        "std": 3.0705726608882813
      },
      "psnr": {
        "mean": 10.418112868070603,
        "std": 2.3309402325540147
      },
      "mse": {
        "mean": 0.10487221155781298,
        "std": 0.06013375085059495
      },
      "dino_distance": {
        "mean": 0.04665002463152632,
        "std": 0.018235464177138092
      }
    },
    "2": {
      "count": 80,
      "ssim": {
        "mean": 0.4657322997227311,
        "std": 0.1744799919650405
      },
      "lpips": {
        "mean": 0.439586029574275,
        "std": 0.10871341440645131
      },
      "clip_score": {
        "mean": 31.552182626724242,
        "std": 2.792130083881142
      },
      "psnr": {
        "mean": 10.614819371700287,
        "std": 2.925207875131208
      },
      "mse": {
        "mean": 0.1081727143842727,
        "std": 0.07448598782209492
      },
      "dino_distance": {
        "mean": 0.05628753083292395,
        "std": 0.03095056368437547
      }
    },
    "3": {
      "count": 80,
      "ssim": {
        "mean": 0.4522693673148751,
        "std": 0.166766245587629
      },
      "lpips": {
        "mean": 0.4520637128502131,
        "std": 0.1087116509519772
      },
      "clip_score": {
        "mean": 30.954986262321473,
        "std": 3.175588353496965
      },
      "psnr": {
        "mean": 10.629800951480865,
        "std": 2.774078744881912
      },
      "mse": {
        "mean": 0.10517978500574827,
        "std": 0.06710941742897318
      },
      "dino_distance": {
        "mean": 0.0520383256720379,
        "std": 0.03019717055639969
      }
    },
    "4": {
      "count": 40,
      "ssim": {
        "mean": 0.39651077464222906,
        "std": 0.1516995771458552
      },
      "lpips": {
        "mean": 0.4561466556042433,
        "std": 0.09641917811807192
      },
      "clip_score": {
        "mean": 31.516703605651855,
        "std": 3.336824663754226
      },
      "psnr": {
        "mean": 10.544771802425384,
        "std": 2.371796583411873
      },
      "mse": {
        "mean": 0.10358533710241317,
        "std": 0.06500368432464895
      },
      "dino_distance": {
        "mean": 0.04935317651834339,
        "std": 0.021777439332000513
      }
    },
    "5": {
      "count": 40,
      "ssim": {
        "mean": 0.4167459986638278,
        "std": 0.17855421788168266
      },
      "lpips": {
        "mean": 0.44270288571715355,
        "std": 0.1039006828662727
      },
      "clip_score": {
        "mean": 32.27073287963867,
        "std": 2.1270168573882047
      },
      "psnr": {
        "mean": 10.137032407522202,
        "std": 2.7565324810196197
      },
      "mse": {
        "mean": 0.11809068480506539,
        "std": 0.07958071539773329
      },
      "dino_distance": {
        "mean": 0.048374661104753615,
        "std": 0.022389215418067623
      }
    },
    "6": {
      "count": 40,
      "ssim": {
        "mean": 0.40228616576641796,
        "std": 0.19656566489180247
      },
      "lpips": {
        "mean": 0.5092887226492167,
        "std": 0.11863077286212803
      },
      "clip_score": {
        "mean": 33.8551070690155,
        "std": 3.3936044283172078
      },
      "psnr": {
        "mean": 8.989470446109772,
        "std": 3.0387987147117133
      },
      "mse": {
        "mean": 0.1571437949780375,
        "std": 0.10032349689992079
      },
      "dino_distance": {
        "mean": 0.058694139355793595,
        "std": 0.029516372690106228
      }
    },
    "7": {
      "count": 40,
      "ssim": {
        "mean": 0.4616951908916235,
        "std": 0.15167062961684277
      },
      "lpips": {
        "mean": 0.43196032494306563,
        "std": 0.10244225526216579
      },
      "clip_score": {
        "mean": 32.48276815414429,
        "std": 3.0381102920632648
      },
      "psnr": {
        "mean": 10.307903492450714,
        "std": 2.4856439314001357
      },
      "mse": {
        "mean": 0.10815701244864613,
        "std": 0.05962254900480617
      },
      "dino_distance": {
        "mean": 0.05339998579584062,
        "std": 0.032949459184374134
      }
    },
    "8": {
      "count": 80,
      "ssim": {
        "mean": 0.42063309252262115,
        "std": 0.14596303973564015
      },
      "lpips": {
        "mean": 0.4909545827656984,
        "std": 0.10739616030387043
      },
      "clip_score": {
        "mean": 32.294001364707945,
        "std": 2.326353579991666
      },
      "psnr": {
        "mean": 9.893394482135772,
        "std": 2.4229500687485315
      },
      "mse": {
        "mean": 0.11986168678849936,
        "std": 0.07063327485430161
      },
      "dino_distance": {
        "mean": 0.0573488476453349,
        "std": 0.030066247215295383
      }
    },
    "9": {
      "count": 80,
      "ssim": {
        "mean": 0.44218780044466255,
        "std": 0.14897622510202627
      },
      "lpips": {
        "mean": 0.4435314446687698,
        "std": 0.0878785138898119
      },
      "clip_score": {
        "mean": 33.833599305152894,
        "std": 3.183674179394413
      },
      "psnr": {
        "mean": 10.400021541118623,
        "std": 2.655679179627887
      },
      "mse": {
        "mean": 0.10883404875639827,
        "std": 0.06531232970486892
      },
      "dino_distance": {
        "mean": 0.04594293381087482,
        "std": 0.02039400848134292
      }
    }
  }
}