{
  "total_images": 700,
  "overall": {
    "ssim": {
      "mean": 0.4363513377229018,
      "std": 0.16364599349542466,
      "median": 0.42329950630664825
    },
    "lpips": {
      "mean": 0.4575111785531044,
      "std": 0.1069734972188958,
      "median": 0.45231716334819794
    },
    "clip_score": {
      "mean": 32.073861560821534,
      "std": 3.095430183834723,
      "median": 31.961837768554688
    },
    "psnr": {
      "mean": 10.333905207770211,
      "std": 2.628298624619111,
      "median": 10.447999954223633
    },
    "mse": {
      "mean": 0.11076819415869457,
      "std": 0.06965562665443452,
      "median": 0.09019863978028297
    },
    "dino_distance": {
      "mean": 0.052259772635464156,
      "std": 0.02700750006111579,
      "median": 0.04627305082976818
    }
  },
  "by_category": {
    "0": {
      "count": 140,
      "ssim": {
        "mean": 0.4295730608116303,
        "std": 0.16066955255238777
      },
      "lpips": {
        "mean": 0.4721848422927516,
        "std": 0.11134414446076019
      },
      "clip_score": {
        "mean": 31.87853946685791,
        "std": 3.012839886059287
      },
      "psnr": {
        "mean": 10.603860974311829,
        "std": 2.4283504844570873
      },
      "mse": {
        "mean": 0.10147389040461609,
        "std": 0.05938366444915878
      },
      "dino_distance": {
        "mean": 0.05420742618319179,
        "std": 0.027382178380210325
      }
    },
    "1": {
      "count": 80,
      "ssim": {
        "mean": 0.44563648449257015,
        "std": 0.16208576297370303
      },
      "lpips": {
        "mean": 0.43486523628234863,
        "std": 0.09538086862428695
      },
      "clip_score": {
        "mean": 31.33937656879425,
        "std": 3.0528082864576818
      },
      "psnr": {
        "mean": 10.405172681808471,
        "std": 2.329165874592745
      },
      "mse": {
        "mean": 0.10512574254535138,
        "std": 0.060072687295652856
      },
      "dino_distance": {
        "mean": 0.046693976712413134,
        "std": 0.018149974684962357
      }
    },
    "2": {
      "count": 80,
      "ssim": {
        "mean": 0.4656651023775339,
        "std": 0.1746686171117311
      },
      "lpips": {
        "mean": 0.43861795496195555,
        "std": 0.10874321197576967
      },
      "clip_score": {
        "mean": 31.580765891075135,
        "std": 2.7992890713841225
      },
      "psnr": {
        "mean": 10.608248597383499,
        "std": 2.9185119021395582
      },
      "mse": {
        "mean": 0.10824843752197921,
        "std": 0.07435498042094915
      },
      "dino_distance": {
        "mean": 0.056228280311916026,
        "std": 0.03064441093534773
      }
    },
    "3": {
      "count": 80,
      "ssim": {
        "mean": 0.45213248804211614,
        "std": 0.16674885029127656
      },
      "lpips": {
        "mean": 0.45163547452539204,
        "std": 0.10847256708087828
      },
      "clip_score": {
        "mean": 30.90680136680603,
        "std": 3.1243794454928806
      },
      "psnr": {
        "mean": 10.616857492923737,
        "std": 2.769295872821237
      },
      "mse": {
        "mean": 0.1054313100874424,
        "std": 0.06718456639283162
      },
      "dino_distance": {
        "mean": 0.05201805240940303,
        "std": 0.030349485193727207
      }
    },
    "4": {
      "count": 40,
      "ssim": {
        "mean": 0.3966801445931196,
        "std": 0.15168407051167135
      },
      "lpips": {
        "mean": 0.4557844538241625,
        "std": 0.0970875784771973
      },
      "clip_score": {
        "mean": 31.472415351867674,
        "std": 3.406103983318842
      },
      "psnr": {
        "mean": 10.532613337039948,
        "std": 2.3709698971943522
      },
      "mse": {
        "mean": 0.10385801149532199,
        "std": 0.06506049436636327
      },
      "dino_distance": {
        "mean": 0.0492549748159945,
        "std": 0.02142544032302338
      }
    },
    "5": {
      "count": 40,
      "ssim": {
        "mean": 0.41686700521968306,
        "std": 0.17892842983911217
      },
      "lpips": {
        "mean": 0.44218761175870896,
        "std": 0.10458543114998096
      },
      "clip_score": {
        "mean": 32.28012285232544,
        "std": 2.1125924998504026
      },
      "psnr": {
        "mean": 10.133982729911803,
        "std": 2.7640025767883825
      },
      "mse": {
        "mean": 0.11825400027446449,
        "std": 0.07973151337029381
      },
      "dino_distance": {
        "mean": 0.048154948418959974,
        "std": 0.022097498459449905
      }
    },
    "6": {
      "count": 40,
      "ssim": {
        "mean": 0.40256040785461666,
        "std": 0.19674203894987483
      },
      "lpips": {
        "mean": 0.5073012113571167,
        "std": 0.11759583354091117
      },
      "clip_score": {
        "mean": 33.84555010795593,
        "std": 3.435192875544075
      },
      "psnr": {
        "mean": 8.991838884353637,
        "std": 3.0244852214444506
      },
      "mse": {
        "mean": 0.1567283973097801,
        "std": 0.09949661148465566
      },
      "dino_distance": {
        "mean": 0.05811183014884591,
        "std": 0.028850739073942405
      }
    },
    "7": {
      "count": 40,
      "ssim": {
        "mean": 0.46158706322312354,
        "std": 0.15112705860371356
      },
      "lpips": {
        "mean": 0.4305929966270924,
        "std": 0.10263801926238507
      },
      "clip_score": {
        "mean": 32.495547485351565,
        "std": 2.967600306392132
      },
      "psnr": {
        "mean": 10.290751957893372,
        "std": 2.475109193700276
      },
      "mse": {
        "mean": 0.10844855054747313,
        "std": 0.05950170728722656
      },
      "dino_distance": {
        "mean": 0.053556410456076266,
        "std": 0.032647485993133864
      }
    },
    "8": {
      "count": 80,
      "ssim": {
        "mean": 0.4218938259407878,
        "std": 0.14428079801330077
      },
      "lpips": {
        "mean": 0.4904718190431595,
        "std": 0.10665254445295352
      },
      "clip_score": {
        "mean": 32.207983708381654,
        "std": 2.3646967547331155
      },
      "psnr": {
        "mean": 9.884903579950333,
        "std": 2.4151650747267523
      },
      "mse": {
        "mean": 0.11995644445996731,
        "std": 0.070377888946926
      },
      "dino_distance": {
        "mean": 0.05720631100703031,
        "std": 0.0300646981728212
      }
    },
    "9": {
      "count": 80,
      "ssim": {
        "mean": 0.4421461373567581,
        "std": 0.1485852362385429
      },
      "lpips": {
        "mean": 0.4433757167309523,
        "std": 0.0878523558485633
      },
      "clip_score": {
        "mean": 33.7770991563797,
        "std": 3.180985506424132
      },
      "psnr": {
        "mean": 10.375138056278228,
        "std": 2.6420416100637123
      },
      "mse": {
        "mean": 0.1092359762522392,
        "std": 0.06517951691568113
      },
      "dino_distance": {
        "mean": 0.045724312379024926,
        "std": 0.02005991602940137
      }
    }
  }
}