{
  "total_images": 700,
  "overall": {
    "ssim": {
      "mean": 0.6203350744502885,
      "std": 0.1434936516964747,
      "median": 0.6224291026592255
    },
    "lpips": {
      "mean": 0.24887495632682527,
      "std": 0.07355907681200512,
      "median": 0.2517136484384537
    },
    "clip_score": {
      "mean": 30.87649945122855,
      "std": 3.378389990651214,
      "median": 30.94538688659668
    },
    "psnr": {
      "mean": 18.12829089300973,
      "std": 2.248320644514369,
      "median": 17.98137378692627
    },
    "mse": {
      "mean": 0.017397046454342282,
      "std": 0.008853276554372689,
      "median": 0.01591705158352852
    },
    "dino_distance": {
      "mean": 0.028586586466990412,
      "std": 0.013694626275086438,
      "median": 0.025909949094057083
    }
  },
  "by_category": {
    "0": {
      "count": 140,
      "ssim": {
        "mean": 0.5989179208874702,
        "std": 0.14528110151645596
      },
      "lpips": {
        "mean": 0.2591716651671699,
        "std": 0.07108169415734901
      },
      "clip_score": {
        "mean": 30.21320719037737,
        "std": 3.3394499590912177
      },
      "psnr": {
        "mean": 17.984122119631085,
        "std": 2.164576230839633
      },
      "mse": {
        "mean": 0.017773580847174994,
        "std": 0.008054134647739516
      },
      "dino_distance": {
        "mean": 0.029332679603248833,
        "std": 0.01352171253682389
      }
    },
    "1": {
      "count": 80,
      "ssim": {
        "mean": 0.6267770983278751,
        "std": 0.1487013702350396
      },
      "lpips": {
        "mean": 0.24122955398634077,
        "std": 0.07404016922279177
      },
      "clip_score": {
        "mean": 29.512072324752808,
        "std": 3.496458591290669
      },
      "psnr": {
        "mean": 18.09955621957779,
        "std": 2.2704192440649433
      },
      "mse": {
        "mean": 0.017797241182415748,
        "std": 0.010411608464755348
      },
      "dino_distance": {
        "mean": 0.02709495123126544,
        "std": 0.009965488560734346
      }
    },
    "2": {
      "count": 80,
      "ssim": {
        "mean": 0.6414128761738539,
        "std": 0.13893219681372587
      },
      "lpips": {
        "mean": 0.2411292395554483,
        "std": 0.06284546001704032
      },
      "clip_score": {
        "mean": 30.745867133140564,
        "std": 3.3964835855285007
      },
      "psnr": {
        "mean": 18.491524696350098,
        "std": 2.1170186457664446
      },
      "mse": {
        "mean": 0.016084649245021863,
        "std": 0.009187773278525938
      },
      "dino_distance": {
        "mean": 0.031056342320516704,
        "std": 0.01756706190479689
      }
    },
    "3": {
      "count": 80,
      "ssim": {
        "mean": 0.6324167996644974,
        "std": 0.13655070613759135
      },
      "lpips": {
        "mean": 0.23922677617520094,
        "std": 0.07036649230486491
      },
      "clip_score": {
        "mean": 30.082337951660158,
        "std": 3.4006726594052363
      },
      "psnr": {
        "mean": 18.10475790500641,
        "std": 1.9176254576413592
      },
      "mse": {
        "mean": 0.016896589696989393,
        "std": 0.00678513448086221
      },
      "dino_distance": {
        "mean": 0.027601160015910862,
        "std": 0.013970733197358191
      }
    },
    "4": {
      "count": 40,
      "ssim": {
        "mean": 0.5814745657145977,
        "std": 0.1157356943000142
      },
      "lpips": {
        "mean": 0.2682726439088583,
        "std": 0.06028813840134837
      },
      "clip_score": {
        "mean": 30.977958059310915,
        "std": 3.0082541901317326
      },
      "psnr": {
        "mean": 17.935547351837158,
        "std": 1.6505003576894879
      },
      "mse": {
        "mean": 0.017251927149482073,
        "std": 0.006445962071920545
      },
      "dino_distance": {
        "mean": 0.02802562960423529,
        "std": 0.013084692814618784
      }
    },
    "5": {
      "count": 40,
      "ssim": {
        "mean": 0.6175084069371224,
        "std": 0.14758677324105438
      },
      "lpips": {
        "mean": 0.23128591729328035,
        "std": 0.07247661464969234
      },
      "clip_score": {
        "mean": 32.07405424118042,
        "std": 2.5249515121074797
      },
      "psnr": {
        "mean": 18.24633915424347,
        "std": 2.3235919998778356
      },
      "mse": {
        "mean": 0.017150765872793274,
        "std": 0.009594037337238005
      },
      "dino_distance": {
        "mean": 0.024963776662480085,
        "std": 0.010293415052702525
      }
    },
    "6": {
      "count": 40,
      "ssim": {
        "mean": 0.6239328898489476,
        "std": 0.16855403170763517
      },
      "lpips": {
        "mean": 0.24645859124138952,
        "std": 0.08452305986362693
      },
      "clip_score": {
        "mean": 32.148232555389406,
        "std": 3.311350286885955
      },
      "psnr": {
        "mean": 18.08581326007843,
        "std": 2.583615957121937
      },
      "mse": {
        "mean": 0.018126512359594928,
        "std": 0.00940358478200408
      },
      "dino_distance": {
        "mean": 0.029848841682542114,
        "std": 0.015290903340121894
      }
    },
    "7": {
      "count": 40,
      "ssim": {
        "mean": 0.640634972974658,
        "std": 0.14692191130898172
      },
      "lpips": {
        "mean": 0.24141616318374873,
        "std": 0.08341081488889154
      },
      "clip_score": {
        "mean": 31.363760662078857,
        "std": 3.144866922687596
      },
      "psnr": {
        "mean": 18.1061993598938,
        "std": 2.56330990181849
      },
      "mse": {
        "mean": 0.018031796283321456,
        "std": 0.010020230945856164
      },
      "dino_distance": {
        "mean": 0.027391763334162534,
        "std": 0.01095691845617588
      }
    },
    "8": {
      "count": 80,
      "ssim": {
        "mean": 0.6299170142039656,
        "std": 0.1472303952782656
      },
      "lpips": {
        "mean": 0.25340253189206124,
        "std": 0.08736167505697882
      },
      "clip_score": {
        "mean": 31.139176464080812,
        "std": 2.897751379795769
      },
      "psnr": {
        "mean": 18.316429936885832,
        "std": 2.2025378521413557
      },
      "mse": {
        "mean": 0.016587595440796576,
        "std": 0.008284104989286315
      },
      "dino_distance": {
        "mean": 0.03128672743914649,
        "std": 0.016895016108921943
      }
    },
    "9": {
      "count": 80,
      "ssim": {
        "mean": 0.6175263337790966,
        "std": 0.12806351451332068
      },
      "lpips": {
        "mean": 0.25540069439448415,
        "std": 0.0645012104551416
      },
      "clip_score": {
        "mean": 32.53480098247528,
        "std": 3.27743376910481
      },
      "psnr": {
        "mean": 17.951113283634186,
        "std": 2.6303443814402674
      },
      "mse": {
        "mean": 0.018473813595119282,
        "std": 0.009945299655388703
      },
      "dino_distance": {
        "mean": 0.026646255631931126,
        "std": 0.009350358908069506
      }
    }
  }
}