{
  "total_images": 700,
  "overall": {
    "ssim": {
      "mean": 0.6617095712253026,
      "std": 0.1477145837182824,
      "median": 0.6751406192779541
    },
    "lpips": {
      "mean": 0.19437335013811077,
      "std": 0.06477134549892674,
      "median": 0.19838347285985947
    },
    "clip_score": {
      "mean": 30.18597999572754,
      "std": 3.584217269155481,
      "median": 30.31429100036621
    },
    "psnr": {
      "mean": 20.629075326919555,
      "std": 2.39671213101313,
      "median": 20.30973720550537
    },
    "mse": {
      "mean": 0.009842275959007175,
      "std": 0.004662483389605429,
      "median": 0.009311642963439226
    },
    "dino_distance": {
      "mean": 0.02425170903293682,
      "std": 0.011654052284627955,
      "median": 0.021838556043803692
    }
  },
  "by_category": {
    "0": {
      "count": 140,
      "ssim": {
        "mean": 0.6337305656501225,
        "std": 0.15499422220059375
      },
      "lpips": {
        "mean": 0.2065308954300625,
        "std": 0.06229395543372271
      },
      "clip_score": {
        "mean": 29.343586567470005,
        "std": 3.663733674556844
      },
      "psnr": {
        "mean": 20.130862256458826,
        "std": 2.398446742560819
      },
      "mse": {
        "mean": 0.011001940272814993,
        "std": 0.005054648714424947
      },
      "dino_distance": {
        "mean": 0.024563788220153322,
        "std": 0.011448482601261441
      }
    },
    "1": {
      "count": 80,
      "ssim": {
        "mean": 0.6653598107397556,
        "std": 0.14329485572678863
      },
      "lpips": {
        "mean": 0.1912387926131487,
        "std": 0.06722347463002563
      },
      "clip_score": {
        "mean": 28.687091207504274,
        "std": 3.9408209376849186
      },
      "psnr": {
        "mean": 20.62258129119873,
        "std": 2.3280238540810334
      },
      "mse": {
        "mean": 0.009839591594936793,
        "std": 0.004744348747337802
      },
      "dino_distance": {
        "mean": 0.023951640567975118,
        "std": 0.011573401285237778
      }
    },
    "2": {
      "count": 80,
      "ssim": {
        "mean": 0.690194870904088,
        "std": 0.1404067850190281
      },
      "lpips": {
        "mean": 0.18726590778678656,
        "std": 0.0629915307852674
      },
      "clip_score": {
        "mean": 30.447787356376647,
        "std": 3.6278706963645275
      },
      "psnr": {
        "mean": 21.21726746559143,
        "std": 2.361478764214609
      },
      "mse": {
        "mean": 0.008564618448144757,
        "std": 0.0039606953006731515
      },
      "dino_distance": {
        "mean": 0.026501807267777622,
        "std": 0.014319002048594539
      }
    },
    "3": {
      "count": 80,
      "ssim": {
        "mean": 0.6724494732916355,
        "std": 0.14137719910703023
      },
      "lpips": {
        "mean": 0.19159925365820527,
        "std": 0.06435943740412234
      },
      "clip_score": {
        "mean": 29.65562508106232,
        "std": 3.57692996466604
      },
      "psnr": {
        "mean": 20.471748483181,
        "std": 2.1168420868542346
      },
      "mse": {
        "mean": 0.01000295210396871,
        "std": 0.004641588883178284
      },
      "dino_distance": {
        "mean": 0.02359920275048353,
        "std": 0.012394444382014107
      }
    },
    "4": {
      "count": 40,
      "ssim": {
        "mean": 0.6250255942344666,
        "std": 0.13202960157102284
      },
      "lpips": {
        "mean": 0.2111784154549241,
        "std": 0.058120744464151976
      },
      "clip_score": {
        "mean": 30.501880741119386,
        "std": 3.1140815599949017
      },
      "psnr": {
        "mean": 20.169683074951173,
        "std": 1.7538355030415096
      },
      "mse": {
        "mean": 0.010359431069809943,
        "std": 0.0037865020133720857
      },
      "dino_distance": {
        "mean": 0.023414070229046048,
        "std": 0.010614528850256497
      }
    },
    "5": {
      "count": 40,
      "ssim": {
        "mean": 0.6532945387065411,
        "std": 0.14695637838163345
      },
      "lpips": {
        "mean": 0.1864585842937231,
        "std": 0.0635936591365215
      },
      "clip_score": {
        "mean": 31.963073873519896,
        "std": 2.5283606858038876
      },
      "psnr": {
        "mean": 20.74913020133972,
        "std": 2.5748973679818903
      },
      "mse": {
        "mean": 0.009678163676289842,
        "std": 0.004693618780067232
      },
      "dino_distance": {
        "mean": 0.02235835309838876,
        "std": 0.010119508590643336
      }
    },
    "6": {
      "count": 40,
      "ssim": {
        "mean": 0.6511531233787536,
        "std": 0.1808481073191526
      },
      "lpips": {
        "mean": 0.18140276446938514,
        "std": 0.0686875784137894
      },
      "clip_score": {
        "mean": 31.03979172706604,
        "std": 3.7207520076729756
      },
      "psnr": {
        "mean": 21.180887126922606,
        "std": 3.087003744707327
      },
      "mse": {
        "mean": 0.009473429119680077,
        "std": 0.005626239688571923
      },
      "dino_distance": {
        "mean": 0.02512475638068281,
        "std": 0.01048940611271495
      }
    },
    "7": {
      "count": 40,
      "ssim": {
        "mean": 0.6978360071778298,
        "std": 0.14756589711390009
      },
      "lpips": {
        "mean": 0.17912490032613276,
        "std": 0.06646314314816688
      },
      "clip_score": {
        "mean": 31.13886179924011,
        "std": 3.1221417215704452
      },
      "psnr": {
        "mean": 20.724010729789732,
        "std": 2.367678295945601
      },
      "mse": {
        "mean": 0.009648335265228524,
        "std": 0.0047129137619101235
      },
      "dino_distance": {
        "mean": 0.02389160159509629,
        "std": 0.011515297373999691
      }
    },
    "8": {
      "count": 80,
      "ssim": {
        "mean": 0.6765804797410965,
        "std": 0.14727867050830773
      },
      "lpips": {
        "mean": 0.195042361645028,
        "std": 0.06835407539721342
      },
      "clip_score": {
        "mean": 30.09919352531433,
        "std": 2.7295218405287955
      },
      "psnr": {
        "mean": 20.883712077140807,
        "std": 2.332624964183292
      },
      "mse": {
        "mean": 0.009237615062738768,
        "std": 0.004234521020146297
      },
      "dino_distance": {
        "mean": 0.024682375317206608,
        "std": 0.01166989829546338
      }
    },
    "9": {
      "count": 80,
      "ssim": {
        "mean": 0.6626909919083118,
        "std": 0.12748071053452248
      },
      "lpips": {
        "mean": 0.19510909873060883,
        "std": 0.060311573907217315
      },
      "clip_score": {
        "mean": 31.564547228813172,
        "std": 3.456416277162155
      },
      "psnr": {
        "mean": 20.66823527812958,
        "std": 2.3905750555635525
      },
      "mse": {
        "mean": 0.009642062388593331,
        "std": 0.004250028671324578
      },
      "dino_distance": {
        "mean": 0.02308640809787903,
        "std": 0.009566109482283591
      }
    }
  }
}