{
  "total_images": 700,
  "overall": {
    "ssim": {
      "mean": 0.46380863019930463,
      "std": 0.1615899189085673,
      "median": 0.458486869931221
    },
    "lpips": {
      "mean": 0.4058943728889738,
      "std": 0.09843021094283609,
      "median": 0.3964022696018219
    },
    "clip_score": {
      "mean": 31.902928300585067,
      "std": 3.311908703468745,
      "median": 31.86925506591797
    },
    "psnr": {
      "mean": 11.286876076970781,
      "std": 2.3095346993577457,
      "median": 11.306588172912598
    },
    "mse": {
      "mean": 0.08536286130680569,
      "std": 0.04593348112472873,
      "median": 0.07401864603161812
    },
    "dino_distance": {
      "mean": 0.0426404853018799,
      "std": 0.024179152661736144,
      "median": 0.035872213542461395
    }
  },
  "by_category": {
    "0": {
      "count": 140,
      "ssim": {
        "mean": 0.45902573793594326,
        "std": 0.15929418256976197
      },
      "lpips": {
        "mean": 0.4274713250143187,
        "std": 0.10327060123071352
      },
      "clip_score": {
        "mean": 31.355780478886196,
        "std": 3.4060957758560235
      },
      "psnr": {
        "mean": 11.424367451667786,
        "std": 2.107241947535078
      },
      "mse": {
        "mean": 0.08087635317019054,
        "std": 0.040148809069928994
      },
      "dino_distance": {
        "mean": 0.045149711592655094,
        "std": 0.025664319166921946
      }
    },
    "1": {
      "count": 80,
      "ssim": {
        "mean": 0.47926794830709696,
        "std": 0.15981422632126974
      },
      "lpips": {
        "mean": 0.3748794000595808,
        "std": 0.08265059264089224
      },
      "clip_score": {
        "mean": 30.607314038276673,
        "std": 3.497658837029891
      },
      "psnr": {
        "mean": 11.50399633049965,
        "std": 2.0705293554133113
      },
      "mse": {
        "mean": 0.07941967556253075,
        "std": 0.040368883052192356
      },
      "dino_distance": {
        "mean": 0.03624900713330135,
        "std": 0.016621648838263434
      }
    },
    "2": {
      "count": 80,
      "ssim": {
        "mean": 0.48464261647313833,
        "std": 0.16596994591986053
      },
      "lpips": {
        "mean": 0.3955788804218173,
        "std": 0.09781679926393967
      },
      "clip_score": {
        "mean": 31.75868203639984,
        "std": 3.2579501311589376
      },
      "psnr": {
        "mean": 11.730367696285247,
        "std": 2.672234435414397
      },
      "mse": {
        "mean": 0.08008520023431628,
        "std": 0.04712740681084325
      },
      "dino_distance": {
        "mean": 0.0480140975676477,
        "std": 0.02663791303070184
      }
    },
    "3": {
      "count": 80,
      "ssim": {
        "mean": 0.4833595586940646,
        "std": 0.16441023664073393
      },
      "lpips": {
        "mean": 0.39269008934497834,
        "std": 0.09642190366117444
      },
      "clip_score": {
        "mean": 30.773414540290833,
        "std": 3.369824523841797
      },
      "psnr": {
        "mean": 11.496804416179657,
        "std": 2.277398991028887
      },
      "mse": {
        "mean": 0.0808322080411017,
        "std": 0.040767916533009305
      },
      "dino_distance": {
        "mean": 0.04046306554228067,
        "std": 0.02258413140275545
      }
    },
    "4": {
      "count": 40,
      "ssim": {
        "mean": 0.41060103457421065,
        "std": 0.14365117135082725
      },
      "lpips": {
        "mean": 0.4050865177065134,
        "std": 0.09119859749472019
      },
      "clip_score": {
        "mean": 31.67443790435791,
        "std": 3.2250959331704654
      },
      "psnr": {
        "mean": 11.108374047279359,
        "std": 2.105912119117746
      },
      "mse": {
        "mean": 0.08726419783197344,
        "std": 0.044184213927230605
      },
      "dino_distance": {
        "mean": 0.03986690938472748,
        "std": 0.02154684953420724
      }
    },
    "5": {
      "count": 40,
      "ssim": {
        "mean": 0.44797493778169156,
        "std": 0.17394629942972423
      },
      "lpips": {
        "mean": 0.3923306055366993,
        "std": 0.08928963546160991
      },
      "clip_score": {
        "mean": 32.406967353820804,
        "std": 2.490468891934767
      },
      "psnr": {
        "mean": 10.891820859909057,
        "std": 2.287582374377339
      },
      "mse": {
        "mean": 0.09291097165551036,
        "std": 0.04928340469203035
      },
      "dino_distance": {
        "mean": 0.0392209260025993,
        "std": 0.022198510680113193
      }
    },
    "6": {
      "count": 40,
      "ssim": {
        "mean": 0.424069650284946,
        "std": 0.1890675072539831
      },
      "lpips": {
        "mean": 0.4687209066003561,
        "std": 0.12053041572125713
      },
      "clip_score": {
        "mean": 34.13839230537415,
        "std": 3.2872676826471707
      },
      "psnr": {
        "mean": 10.154231226444244,
        "std": 2.658606593105238
      },
      "mse": {
        "mean": 0.11420169109478592,
        "std": 0.06140332532200297
      },
      "dino_distance": {
        "mean": 0.04946818933822215,
        "std": 0.026464239906091907
      }
    },
    "7": {
      "count": 40,
      "ssim": {
        "mean": 0.4949339348822832,
        "std": 0.14188386179466222
      },
      "lpips": {
        "mean": 0.37346978932619096,
        "std": 0.09129254867667706
      },
      "clip_score": {
        "mean": 32.63191590309143,
        "std": 2.49390905278293
      },
      "psnr": {
        "mean": 11.451969599723816,
        "std": 2.0373327844245734
      },
      "mse": {
        "mean": 0.07988770292140543,
        "std": 0.03919846762112891
      },
      "dino_distance": {
        "mean": 0.04144141359720379,
        "std": 0.02512406571764129
      }
    },
    "8": {
      "count": 80,
      "ssim": {
        "mean": 0.46713938722386955,
        "std": 0.15520924485877827
      },
      "lpips": {
        "mean": 0.4315991964191198,
        "std": 0.09296005811583283
      },
      "clip_score": {
        "mean": 31.976669955253602,
        "std": 2.5927811008048147
      },
      "psnr": {
        "mean": 11.024103647470474,
        "std": 2.255447598682859
      },
      "mse": {
        "mean": 0.09021343283820897,
        "std": 0.04765362116279459
      },
      "dino_distance": {
        "mean": 0.04585567225003615,
        "std": 0.028731408457799684
      }
    },
    "9": {
      "count": 80,
      "ssim": {
        "mean": 0.4518311833962798,
        "std": 0.14970315807017548
      },
      "lpips": {
        "mean": 0.3889494681730866,
        "std": 0.08124196516839985
      },
      "clip_score": {
        "mean": 33.73606948852539,
        "std": 2.8549291531691585
      },
      "psnr": {
        "mean": 11.209052675962448,
        "std": 2.3687976706483216
      },
      "mse": {
        "mean": 0.0877086199587211,
        "std": 0.04903076085730936
      },
      "dino_distance": {
        "mean": 0.03851168944966048,
        "std": 0.018723816522558893
      }
    }
  }
}